{
  "total_candles": 506,
  "avg_range": 0.10913207180069252,
  "volatility_95": 0.2553209931537846,
  "drop_01pct": 48,
  "drop_02pct": 6,
  "best_hour": 